Date,Price,Adj Close,Close,High,Low,Open,Volume
2022-01-03 00:00:00+00:00,34.67209243774414,38.02000045776367,38.16999816894531,37.59000015258789,37.709999084472656,7054400
2022-01-04 00:00:00+00:00,35.74818801879883,39.20000076293945,39.4900016784668,38.38999938964844,38.45000076293945,9633700
2022-01-05 00:00:00+00:00,35.447242736816406,38.869998931884766,39.650001525878906,38.86000061035156,39.22999954223633,10956200
2022-01-06 00:00:00+00:00,35.27397537231445,38.68000030517578,38.959999084472656,38.16999816894531,38.599998474121094,7976400
2022-01-07 00:00:00+00:00,35.246620178222656,38.650001525878906,39.02000045776367,38.400001525878906,38.900001525878906,7221100
2022-01-10 00:00:00+00:00,35.52931213378906,38.959999084472656,38.97999954223633,37.97999954223633,38.59000015258789,10272400
2022-01-11 00:00:00+00:00,35.73906326293945,39.189998626708984,39.20000076293945,38.65999984741211,38.9900016784668,8085400
2022-01-12 00:00:00+00:00,35.55668258666992,38.9900016784668,39.650001525878906,38.90999984741211,39.369998931884766,9091800
2022-01-13 00:00:00+00:00,35.292213439941406,38.70000076293945,39.34000015258789,38.650001525878906,39.150001525878906,9313900
2022-01-14 00:00:00+00:00,35.036865234375,38.41999816894531,38.52000045776367,37.959999084472656,38.16999816894531,8535700
2022-01-18 00:00:00+00:00,34.316436767578125,37.630001068115234,38.34000015258789,37.540000915527344,38.0099983215332,8175300
2022-01-19 00:00:00+00:00,33.37712860107422,36.599998474121094,38.029998779296875,36.54999923706055,37.779998779296875,7245900
2022-01-20 00:00:00+00:00,32.93027877807617,36.11000061035156,37.2400016784668,36.029998779296875,36.70000076293945,9943700
2022-01-21 00:00:00+00:00,31.79034423828125,34.86000061035156,36.099998474121094,34.790000915527344,36.0,10246500
2022-01-24 00:00:00+00:00,32.48342514038086,35.619998931884766,35.650001525878906,34.150001525878906,34.29999923706055,13039500
2022-01-25 00:00:00+00:00,31.89978790283203,34.97999954223633,35.38999938964844,33.61000061035156,34.959999084472656,12091600
2022-01-26 00:00:00+00:00,32.127769470214844,35.22999954223633,36.20000076293945,34.84000015258789,35.689998626708984,10823200
2022-01-27 00:00:00+00:00,32.109527587890625,35.209999084472656,36.459999084472656,34.9900016784668,36.0,9649500
2022-01-28 00:00:00+00:00,33.10354995727539,36.29999923706055,36.33000183105469,34.90999984741211,35.189998626708984,9466600
2022-01-31 00:00:00+00:00,33.49568176269531,36.72999954223633,36.810001373291016,35.91999816894531,36.119998931884766,11087300
2022-02-01 00:00:00+00:00,34.16140365600586,37.459999084472656,37.47999954223633,36.72999954223633,36.86000061035156,10772400
2022-02-02 00:00:00+00:00,34.79975891113281,38.15999984741211,38.22999954223633,37.529998779296875,37.529998779296875,11126400
2022-02-03 00:00:00+00:00,34.39850616455078,37.720001220703125,38.439998626708984,37.66999816894531,37.869998931884766,6767900
2022-02-04 00:00:00+00:00,34.2890739440918,37.599998474121094,37.9900016784668,37.0099983215332,37.4900016784668,7085700
2022-02-07 00:00:00+00:00,34.18876266479492,37.4900016784668,37.7400016784668,37.150001525878906,37.540000915527344,7718100
2022-02-08 00:00:00+00:00,34.65385055541992,38.0,38.099998474121094,37.25,37.5,5903300
2022-02-09 00:00:00+00:00,35.018638610839844,38.400001525878906,38.5,37.79999923706055,38.16999816894531,8570300
2022-02-10 00:00:00+00:00,34.75416946411133,38.11000061035156,39.06999969482422,37.900001525878906,38.0,8800300
2022-02-11 00:00:00+00:00,34.042850494384766,37.33000183105469,38.400001525878906,37.119998931884766,38.11000061035156,6820400
2022-02-14 00:00:00+00:00,33.2950553894043,36.5099983215332,37.310001373291016,36.04999923706055,37.2599983215332,9510100
2022-02-15 00:00:00+00:00,34.0793342590332,37.369998931884766,37.400001525878906,36.72999954223633,36.900001525878906,8162700
2022-02-16 00:00:00+00:00,34.55353927612305,37.88999938964844,38.04999923706055,37.06999969482422,37.06999969482422,6762800
2022-02-17 00:00:00+00:00,33.212989807128906,36.41999816894531,37.75,36.38999938964844,37.43000030517578,7633700
2022-02-18 00:00:00+00:00,33.012359619140625,36.20000076293945,36.77000045776367,35.9900016784668,36.439998626708984,9601600
2022-02-22 00:00:00+00:00,32.09129333496094,35.189998626708984,36.220001220703125,34.619998931884766,36.04999923706055,10025700
2022-02-23 00:00:00+00:00,31.4985294342041,34.540000915527344,35.66999816894531,34.38999938964844,35.52000045776367,9701200
2022-02-24 00:00:00+00:00,31.489408493041992,34.529998779296875,34.58000183105469,33.040000915527344,33.349998474121094,12863700
2022-02-25 00:00:00+00:00,31.41645622253418,34.45000076293945,34.689998626708984,33.22999954223633,34.0,13405800
2022-02-28 00:00:00+00:00,31.334381103515625,34.36000061035156,34.66999816894531,33.529998779296875,34.290000915527344,19162900
2022-03-01 00:00:00+00:00,31.069910049438477,34.06999969482422,35.29999923706055,33.709999084472656,34.209999084472656,21951600
2022-03-02 00:00:00+00:00,33.112667083740234,36.310001373291016,36.59000015258789,34.779998779296875,34.84000015258789,21211300
2022-03-03 00:00:00+00:00,33.39536666870117,36.619998931884766,36.790000915527344,36.0099983215332,36.33000183105469,16730100
2022-03-04 00:00:00+00:00,33.14915084838867,36.349998474121094,36.5099983215332,35.630001068115234,36.31999969482422,14369300
2022-03-07 00:00:00+00:00,32.51990509033203,35.65999984741211,36.18000030517578,35.119998931884766,36.04999923706055,17613100
2022-03-08 00:00:00+00:00,32.721954345703125,35.630001068115234,36.61000061035156,35.310001373291016,35.54999923706055,23796900
2022-03-09 00:00:00+00:00,33.107669830322266,36.04999923706055,36.599998474121094,35.59000015258789,36.400001525878906,17680800
2022-03-10 00:00:00+00:00,33.19951248168945,36.150001525878906,36.16999816894531,35.09000015258789,35.70000076293945,15985500
2022-03-11 00:00:00+00:00,33.32808303833008,36.290000915527344,36.75,35.459999084472656,36.209999084472656,13238300
2022-03-14 00:00:00+00:00,31.31682586669922,34.099998474121094,36.560001373291016,33.75,35.970001220703125,19428100
2022-03-15 00:00:00+00:00,32.01478958129883,34.86000061035156,35.189998626708984,33.86000061035156,34.0099983215332,15717100
2022-03-16 00:00:00+00:00,32.88726043701172,35.810001373291016,35.81999969482422,34.77000045776367,35.27000045776367,16783500
2022-03-17 00:00:00+00:00,31.674997329711914,34.4900016784668,35.43000030517578,33.7400016784668,35.400001525878906,20448300
2022-03-18 00:00:00+00:00,34.06278610229492,37.09000015258789,37.59000015258789,34.15999984741211,34.77000045776367,60910300
2022-03-21 00:00:00+00:00,34.47605514526367,37.540000915527344,37.75,36.720001220703125,36.900001525878906,22773800
2022-03-22 00:00:00+00:00,35.1097412109375,38.22999954223633,38.529998779296875,37.38999938964844,37.970001220703125,17128500
2022-03-23 00:00:00+00:00,34.650550842285156,37.72999954223633,38.79999923706055,37.720001220703125,37.900001525878906,15259100
2022-03-24 00:00:00+00:00,35.38524627685547,38.529998779296875,38.75,37.790000915527344,37.849998474121094,10670700
2022-03-25 00:00:00+00:00,36.58833694458008,39.84000015258789,39.84000015258789,38.40999984741211,38.40999984741211,13385900
2022-03-28 00:00:00+00:00,35.58729553222656,38.75,39.09000015258789,37.59000015258789,38.36000061035156,19321400
2022-03-29 00:00:00+00:00,36.47813415527344,39.720001220703125,39.869998931884766,38.68000030517578,39.16999816894531,10244400
2022-03-30 00:00:00+00:00,35.669952392578125,38.84000015258789,40.369998931884766,38.7400016784668,39.72999954223633,12195600
2022-03-31 00:00:00+00:00,33.33726501464844,36.29999923706055,37.09000015258789,35.810001373291016,36.970001220703125,27041100
2022-04-01 00:00:00+00:00,32.69438934326172,35.599998474121094,36.599998474121094,34.9900016784668,36.130001068115234,20832400
2022-04-04 00:00:00+00:00,33.64952087402344,36.63999938964844,36.68000030517578,35.72999954223633,35.779998779296875,18454100
2022-04-05 00:00:00+00:00,33.0617561340332,36.0,36.75,35.83000183105469,36.2400016784668,10609500
2022-04-06 00:00:00+00:00,32.06071090698242,34.90999984741211,35.7400016784668,34.470001220703125,35.54999923706055,17612900
2022-04-07 00:00:00+00:00,36.790382385253906,40.060001373291016,41.470001220703125,38.70000076293945,39.029998779296875,94455200
2022-04-08 00:00:00+00:00,35.47709274291992,38.630001068115234,40.16999816894531,38.279998779296875,39.11000061035156,33288000
2022-04-11 00:00:00+00:00,35.073001861572266,38.189998626708984,39.220001220703125,38.02000045776367,38.439998626708984,15432000
2022-04-12 00:00:00+00:00,34.797489166259766,37.88999938964844,39.540000915527344,37.75,38.529998779296875,13858500
2022-04-13 00:00:00+00:00,34.843406677246094,37.939998626708984,38.20000076293945,37.689998626708984,37.720001220703125,10026000
2022-04-14 00:00:00+00:00,34.41176986694336,37.470001220703125,38.09000015258789,37.45000076293945,37.95000076293945,9556100
2022-04-18 00:00:00+00:00,35.293418884277344,38.43000030517578,38.68000030517578,37.529998779296875,37.540000915527344,12644600
2022-04-19 00:00:00+00:00,35.532203674316406,38.689998626708984,38.869998931884766,38.2400016784668,38.470001220703125,8618700
2022-04-20 00:00:00+00:00,36.16588592529297,39.380001068115234,39.779998779296875,38.9900016784668,38.9900016784668,11075100
2022-04-21 00:00:00+00:00,35.16484451293945,38.290000915527344,39.5099983215332,38.220001220703125,39.2400016784668,9499600
2022-04-22 00:00:00+00:00,33.78727340698242,36.790000915527344,38.119998931884766,36.75,38.119998931884766,9247400
2022-04-25 00:00:00+00:00,33.98012924194336,37.0,37.04999923706055,36.220001220703125,36.599998474121094,9913100
2022-04-26 00:00:00+00:00,33.37398910522461,36.34000015258789,37.25,36.33000183105469,36.779998779296875,10588700
2022-04-27 00:00:00+00:00,33.47501754760742,36.45000076293945,37.15999984741211,36.09000015258789,36.400001525878906,9387700
2022-04-28 00:00:00+00:00,34.512794494628906,37.58000183105469,37.91999816894531,36.619998931884766,36.970001220703125,7618600
2022-04-29 00:00:00+00:00,33.64033126831055,36.630001068115234,38.209999084472656,36.560001373291016,37.36000061035156,9967800
2022-05-02 00:00:00+00:00,34.03523635864258,37.060001373291016,37.06999969482422,36.0099983215332,36.619998931884766,9426300
2022-05-03 00:00:00+00:00,34.825042724609375,37.91999816894531,38.15999984741211,36.880001068115234,36.95000076293945,7708000
2022-05-04 00:00:00+00:00,36.1750602722168,39.38999938964844,39.52000045776367,37.63999938964844,38.119998931884766,10158100
2022-05-05 00:00:00+00:00,34.815860748291016,37.90999984741211,39.099998474121094,37.5099983215332,38.93000030517578,8273800
2022-05-06 00:00:00+00:00,34.06278610229492,37.09000015258789,37.650001525878906,36.31999969482422,37.349998474121094,10110900
2022-05-09 00:00:00+00:00,33.98931121826172,37.0099983215332,37.220001220703125,36.130001068115234,36.15999984741211,9976200
2022-05-10 00:00:00+00:00,34.47605514526367,37.540000915527344,38.779998779296875,37.41999816894531,37.86000061035156,14516000
2022-05-11 00:00:00+00:00,32.93317794799805,35.86000061035156,37.72999954223633,35.790000915527344,37.16999816894531,10103900
2022-05-12 00:00:00+00:00,32.91481018066406,35.84000015258789,36.369998931884766,35.0,35.58000183105469,11518600
2022-05-13 00:00:00+00:00,33.778076171875,36.779998779296875,36.9900016784668,35.970001220703125,36.13999938964844,8827600
2022-05-16 00:00:00+00:00,34.4484977722168,37.5099983215332,37.849998474121094,36.43000030517578,36.88999938964844,8442000
2022-05-17 00:00:00+00:00,36.386287689208984,39.619998931884766,39.709999084472656,38.20000076293945,38.380001068115234,13583600
2022-05-18 00:00:00+00:00,33.84237289428711,36.849998474121094,39.02000045776367,36.709999084472656,39.0,13234000
2022-05-19 00:00:00+00:00,32.813785552978516,35.72999954223633,36.630001068115234,35.06999969482422,36.369998931884766,13848600
2022-05-20 00:00:00+00:00,31.82193374633789,34.650001525878906,35.83000183105469,33.45000076293945,35.7599983215332,14521600
2022-05-23 00:00:00+00:00,32.19846725463867,35.060001373291016,35.130001068115234,34.16999816894531,34.77000045776367,12741000
2022-05-24 00:00:00+00:00,31.932140350341797,34.77000045776367,34.869998931884766,33.88999938964844,34.77000045776367,9615200
2022-05-25 00:00:00+00:00,32.66684341430664,35.56999969482422,36.06999969482422,34.38999938964844,34.529998779296875,11468100
2022-05-26 00:00:00+00:00,33.76890563964844,36.77000045776367,36.959999084472656,35.52000045776367,35.72999954223633,10805200
2022-05-27 00:00:00+00:00,35.58729553222656,38.75,39.13999938964844,38.0,38.0,14840200
2022-05-31 00:00:00+00:00,35.669952392578125,38.84000015258789,39.5099983215332,38.2599983215332,38.689998626708984,26899500
2022-06-01 00:00:00+00:00,37.047523498535156,40.34000015258789,40.790000915527344,39.04999923706055,39.7599983215332,19330000
2022-06-02 00:00:00+00:00,36.634254455566406,39.88999938964844,40.20000076293945,39.209999084472656,39.90999984741211,12330500
2022-06-03 00:00:00+00:00,36.560787200927734,39.810001373291016,40.279998779296875,39.27000045776367,39.349998474121094,6884600
2022-06-06 00:00:00+00:00,36.29445266723633,39.52000045776367,40.59000015258789,39.279998779296875,40.06999969482422,8041200
2022-06-07 00:00:00+00:00,36.37763214111328,39.36000061035156,39.470001220703125,38.58000183105469,38.880001068115234,6560200
2022-06-08 00:00:00+00:00,35.074466705322266,37.95000076293945,39.0099983215332,37.849998474121094,39.0099983215332,10885400
2022-06-09 00:00:00+00:00,33.891456604003906,36.66999816894531,38.119998931884766,36.65999984741211,37.84000015258789,8047700
2022-06-10 00:00:00+00:00,32.606781005859375,35.279998779296875,36.22999954223633,35.25,35.88999938964844,9522500
2022-06-13 00:00:00+00:00,31.201948165893555,33.7599983215332,34.68000030517578,33.599998474121094,34.400001525878906,12114900
2022-06-14 00:00:00+00:00,31.192712783813477,33.75,34.130001068115234,33.36000061035156,33.900001525878906,10769300
2022-06-15 00:00:00+00:00,31.802703857421875,34.40999984741211,34.939998626708984,33.869998931884766,34.2599983215332,12683600
2022-06-16 00:00:00+00:00,30.23151397705078,32.709999084472656,33.66999816894531,32.310001373291016,33.650001525878906,13398000
2022-06-17 00:00:00+00:00,31.007862091064453,33.54999923706055,33.810001373291016,32.630001068115234,32.880001068115234,20542300
2022-06-21 00:00:00+00:00,31.691791534423828,34.290000915527344,34.88999938964844,34.06999969482422,34.459999084472656,11277200
2022-06-22 00:00:00+00:00,31.183475494384766,33.7400016784668,34.119998931884766,33.40999984741211,33.68000030517578,10701700
2022-06-23 00:00:00+00:00,31.303617477416992,33.869998931884766,34.04999923706055,33.41999816894531,33.90999984741211,7334100
2022-06-24 00:00:00+00:00,32.56057357788086,35.22999954223633,35.2599983215332,34.209999084472656,34.2599983215332,10532800
2022-06-27 00:00:00+00:00,32.68071746826172,35.36000061035156,35.75,35.150001525878906,35.439998626708984,5804500
2022-06-28 00:00:00+00:00,31.830434799194336,34.439998626708984,35.70000076293945,34.18000030517578,35.40999984741211,7226000
2022-06-29 00:00:00+00:00,31.063322067260742,33.61000061035156,34.369998931884766,33.439998626708984,34.34000015258789,5989000
2022-06-30 00:00:00+00:00,30.296207427978516,32.779998779296875,33.400001525878906,32.61000061035156,32.95000076293945,10878700
2022-07-01 00:00:00+00:00,29.455163955688477,31.8700008392334,32.869998931884766,31.479999542236328,32.66999816894531,12193600
2022-07-05 00:00:00+00:00,29.15016746520996,31.540000915527344,31.559999465942383,30.010000228881836,30.90999984741211,13971000
2022-07-06 00:00:00+00:00,28.80820083618164,31.170000076293945,31.700000762939453,30.760000228881836,31.540000915527344,8306000
2022-07-07 00:00:00+00:00,29.371980667114258,31.780000686645508,32.0,31.459999084472656,31.649999618530273,7022200
2022-07-08 00:00:00+00:00,29.676979064941406,32.11000061035156,32.41999816894531,31.559999465942383,31.920000076293945,6584700
2022-07-11 00:00:00+00:00,29.020774841308594,31.399999618530273,31.829999923706055,31.280000686645508,31.559999465942383,5855500
2022-07-12 00:00:00+00:00,28.956079483032227,31.329999923706055,31.940000534057617,31.059999465942383,31.450000762939453,9769200
2022-07-13 00:00:00+00:00,28.7065372467041,31.059999465942383,31.399999618530273,30.510000228881836,30.760000228881836,7313000
2022-07-14 00:00:00+00:00,28.817447662353516,31.18000030517578,31.280000686645508,30.260000228881836,30.520000457763672,7471600
2022-07-15 00:00:00+00:00,29.261075973510742,31.65999984741211,31.729999542236328,31.31999969482422,31.610000610351562,7103600
2022-07-18 00:00:00+00:00,29.11319923400879,31.5,32.400001525878906,31.3700008392334,31.989999771118164,7539600
2022-07-19 00:00:00+00:00,30.342424392700195,32.83000183105469,32.88999938964844,31.93000030517578,31.959999084472656,8753800
2022-07-20 00:00:00+00:00,30.44408416748047,32.939998626708984,33.470001220703125,32.56999969482422,32.900001525878906,5546800
2022-07-21 00:00:00+00:00,30.9246826171875,33.459999084472656,33.52000045776367,32.540000915527344,32.81999969482422,6927700
2022-07-22 00:00:00+00:00,30.009700775146484,32.470001220703125,33.56999969482422,32.310001373291016,33.20000076293945,7558900
2022-07-25 00:00:00+00:00,30.129846572875977,32.599998474121094,32.72999954223633,32.20000076293945,32.63999938964844,4482300
2022-07-26 00:00:00+00:00,29.52910041809082,31.950000762939453,32.650001525878906,31.8799991607666,32.529998779296875,5908200
2022-07-27 00:00:00+00:00,30.148334503173828,32.619998931884766,32.83000183105469,31.850000381469727,32.189998626708984,6991000
2022-07-28 00:00:00+00:00,30.397878646850586,32.88999938964844,33.220001220703125,32.29999923706055,32.66999816894531,4713500
2022-07-29 00:00:00+00:00,30.859987258911133,33.38999938964844,33.41999816894531,32.5099983215332,33.0,8459200
2022-08-01 00:00:00+00:00,31.118776321411133,33.66999816894531,33.83000183105469,33.0099983215332,33.04999923706055,6400700
2022-08-02 00:00:00+00:00,30.25924301147461,32.7400016784668,33.310001373291016,32.439998626708984,33.310001373291016,5776100
2022-08-03 00:00:00+00:00,30.462574005126953,32.959999084472656,33.27000045776367,32.29999923706055,33.119998931884766,7073900
2022-08-04 00:00:00+00:00,30.739837646484375,33.2599983215332,33.279998779296875,32.61000061035156,32.880001068115234,6559800
2022-08-05 00:00:00+00:00,31.03559684753418,33.58000183105469,33.9900016784668,32.720001220703125,32.7599983215332,6523900
2022-08-08 00:00:00+00:00,30.915447235107422,33.45000076293945,34.04999923706055,33.349998474121094,33.79999923706055,5651500
2022-08-09 00:00:00+00:00,30.028181076049805,32.4900016784668,33.2400016784668,32.04999923706055,33.18000030517578,9175500
2022-08-10 00:00:00+00:00,31.40528106689453,33.97999954223633,34.34000015258789,33.04999923706055,33.11000061035156,7426900
2022-08-11 00:00:00+00:00,31.627099990844727,34.220001220703125,34.779998779296875,33.83000183105469,33.83000183105469,7084000
2022-08-12 00:00:00+00:00,32.02451705932617,34.650001525878906,34.68000030517578,34.04999923706055,34.40999984741211,5489200
2022-08-15 00:00:00+00:00,31.7934627532959,34.400001525878906,34.7400016784668,34.13999938964844,34.369998931884766,4525700
2022-08-16 00:00:00+00:00,31.885879516601562,34.5,34.83000183105469,34.22999954223633,34.29999923706055,6605500
2022-08-17 00:00:00+00:00,31.710285186767578,34.310001373291016,34.66999816894531,34.02000045776367,34.380001068115234,7033700
2022-08-18 00:00:00+00:00,32.56057357788086,35.22999954223633,35.31999969482422,34.279998779296875,34.630001068115234,5989700
2022-08-19 00:00:00+00:00,31.636343002319336,34.22999954223633,34.630001068115234,33.65999984741211,34.54999923706055,9640400
2022-08-22 00:00:00+00:00,30.878475189208984,33.40999984741211,33.810001373291016,33.290000915527344,33.720001220703125,6436900
2022-08-23 00:00:00+00:00,30.869232177734375,33.400001525878906,33.97999954223633,33.34000015258789,33.400001525878906,5810000
2022-08-24 00:00:00+00:00,30.702871322631836,33.220001220703125,33.459999084472656,32.91999816894531,33.20000076293945,6467400
2022-08-25 00:00:00+00:00,31.858152389526367,34.470001220703125,34.52000045776367,33.470001220703125,33.52000045776367,7450900
2022-08-26 00:00:00+00:00,29.01152992248535,31.389999389648438,33.58000183105469,31.3700008392334,33.40999984741211,14112800
2022-08-29 00:00:00+00:00,29.14092445373535,31.530000686645508,31.989999771118164,31.030000686645508,31.049999237060547,10606600
2022-08-30 00:00:00+00:00,28.743507385253906,31.100000381469727,31.81999969482422,30.950000762939453,31.770000457763672,15527100
2022-08-31 00:00:00+00:00,26.534597396850586,28.709999084472656,30.219999313354492,28.670000076293945,29.5,28214900
2022-09-01 00:00:00+00:00,26.035518646240234,28.170000076293945,28.510000228881836,27.559999465942383,28.260000228881836,16713500
2022-09-02 00:00:00+00:00,25.54567527770996,27.639999389648438,28.670000076293945,27.530000686645508,28.579999923706055,12380500
2022-09-06 00:00:00+00:00,25.259164810180664,27.329999923706055,27.920000076293945,27.149999618530273,27.610000610351562,13430700
2022-09-07 00:00:00+00:00,25.38855743408203,27.469999313354492,27.600000381469727,26.8700008392334,27.209999084472656,10039400
2022-09-08 00:00:00+00:00,25.41628074645996,27.5,27.6200008392334,26.940000534057617,27.209999084472656,11824700
2022-09-09 00:00:00+00:00,26.118696212768555,28.260000228881836,28.360000610351562,27.700000762939453,27.719999313354492,8965600
2022-09-12 00:00:00+00:00,26.349756240844727,28.510000228881836,28.899999618530273,28.40999984741211,28.450000762939453,9386100
2022-09-13 00:00:00+00:00,25.13762855529785,26.959999084472656,27.700000762939453,26.809999465942383,27.389999389648438,10378100
2022-09-14 00:00:00+00:00,25.212221145629883,27.040000915527344,27.309999465942383,26.729999542236328,27.06999969482422,9079200
2022-09-15 00:00:00+00:00,25.118980407714844,26.940000534057617,27.40999984741211,26.6200008392334,26.8700008392334,11525200
2022-09-16 00:00:00+00:00,25.38937759399414,27.229999542236328,27.3700008392334,26.520000457763672,26.75,39538500
2022-09-19 00:00:00+00:00,25.128305435180664,26.950000762939453,27.31999969482422,26.59000015258789,26.979999542236328,9768600
2022-09-20 00:00:00+00:00,24.662105560302734,26.450000762939453,26.6200008392334,26.09000015258789,26.530000686645508,9853600
2022-09-21 00:00:00+00:00,24.242517471313477,26.0,26.940000534057617,26.0,26.6200008392334,8884100
2022-09-22 00:00:00+00:00,23.972122192382812,25.709999084472656,26.229999542236328,25.690000534057617,25.959999084472656,8775900
2022-09-23 00:00:00+00:00,23.636457443237305,25.350000381469727,25.469999313354492,24.920000076293945,25.290000915527344,8647100
2022-09-26 00:00:00+00:00,23.272815704345703,24.959999084472656,25.5,24.809999465942383,25.06999969482422,8872700
2022-09-27 00:00:00+00:00,23.291465759277344,24.979999542236328,25.56999969482422,24.84000015258789,25.3799991607666,5951200
2022-09-28 00:00:00+00:00,23.878883361816406,25.610000610351562,25.690000534057617,24.860000610351562,24.889999389648438,7576100
2022-09-29 00:00:00+00:00,23.347412109375,25.040000915527344,25.15999984741211,24.739999771118164,25.15999984741211,8265600
2022-09-30 00:00:00+00:00,23.235523223876953,24.920000076293945,25.68000030517578,24.8700008392334,25.010000228881836,8858500
2022-10-03 00:00:00+00:00,24.139951705932617,25.889999389648438,26.110000610351562,25.09000015258789,25.34000015258789,8922800
2022-10-04 00:00:00+00:00,24.839258193969727,26.639999389648438,26.860000610351562,26.299999237060547,26.3799991607666,8844900
2022-10-05 00:00:00+00:00,24.969797134399414,26.780000686645508,26.950000762939453,26.1200008392334,26.170000076293945,7457100
2022-10-06 00:00:00+00:00,24.690074920654297,26.479999542236328,27.040000915527344,26.450000762939453,26.579999923706055,8415900
2022-10-07 00:00:00+00:00,23.347412109375,25.040000915527344,25.850000381469727,24.899999618530273,25.770000457763672,10318200
2022-10-10 00:00:00+00:00,23.300792694091797,24.989999771118164,25.459999084472656,24.600000381469727,25.280000686645508,6557500
2022-10-11 00:00:00+00:00,23.10498809814453,24.780000686645508,25.329999923706055,24.600000381469727,25.010000228881836,7287300
2022-10-12 00:00:00+00:00,23.02107048034668,24.690000534057617,25.020000457763672,24.6200008392334,24.860000610351562,7896900
2022-10-13 00:00:00+00:00,24.261167526245117,26.020000457763672,26.329999923706055,24.079999923706055,24.190000534057617,11791900
2022-10-14 00:00:00+00:00,23.720375061035156,25.440000534057617,26.350000381469727,25.399999618530273,26.110000610351562,10700700
2022-10-17 00:00:00+00:00,23.953475952148438,25.690000534057617,26.299999237060547,25.399999618530273,25.8700008392334,8841600
2022-10-18 00:00:00+00:00,23.822938919067383,25.549999237060547,26.5,25.209999084472656,26.329999923706055,7501500
2022-10-19 00:00:00+00:00,23.766992568969727,25.489999771118164,25.75,25.25,25.260000228881836,6055000
2022-10-20 00:00:00+00:00,23.84158706665039,25.56999969482422,26.34000015258789,25.489999771118164,25.6299991607666,5830500
2022-10-21 00:00:00+00:00,24.9791202545166,26.790000915527344,26.84000015258789,25.56999969482422,25.719999313354492,7894300
2022-10-24 00:00:00+00:00,25.230867385864258,27.059999465942383,27.25,26.739999771118164,27.0,5640300
2022-10-25 00:00:00+00:00,25.715721130371094,27.579999923706055,27.600000381469727,26.850000381469727,26.90999984741211,7136800
2022-10-26 00:00:00+00:00,25.622478485107422,27.479999542236328,28.110000610351562,27.040000915527344,27.1299991607666,6935800
2022-10-27 00:00:00+00:00,25.38005256652832,27.219999313354492,27.90999984741211,27.110000610351562,27.760000228881836,6395800
2022-10-28 00:00:00+00:00,26.153949737548828,28.049999237060547,28.1200008392334,27.280000686645508,27.280000686645508,8033300
2022-10-31 00:00:00+00:00,25.753015518188477,27.6200008392334,27.889999389648438,27.530000686645508,27.790000915527344,5403100
2022-11-01 00:00:00+00:00,25.96746826171875,27.850000381469727,28.06999969482422,27.3700008392334,27.940000534057617,5113000
2022-11-02 00:00:00+00:00,25.156274795532227,26.979999542236328,28.06999969482422,26.979999542236328,27.780000686645508,5789600
2022-11-03 00:00:00+00:00,24.857906341552734,26.65999984741211,26.90999984741211,26.200000762939453,26.700000762939453,5423500
2022-11-04 00:00:00+00:00,26.377727508544922,28.290000915527344,28.309999465942383,27.219999313354492,27.3700008392334,13497700
2022-11-07 00:00:00+00:00,26.806631088256836,28.75,28.920000076293945,28.270000457763672,28.350000381469727,8825700
2022-11-08 00:00:00+00:00,26.899871826171875,28.850000381469727,29.3700008392334,28.690000534057617,29.0,8721300
2022-11-09 00:00:00+00:00,25.920846939086914,27.799999237060547,28.65999984741211,27.719999313354492,28.5,7574400
2022-11-10 00:00:00+00:00,27.319456100463867,29.299999237060547,29.299999237060547,28.6299991607666,28.950000762939453,11861500
2022-11-11 00:00:00+00:00,28.484960556030273,30.549999237060547,30.690000534057617,29.290000915527344,29.31999969482422,11423100
2022-11-14 00:00:00+00:00,28.373075485229492,30.43000030517578,30.90999984741211,30.079999923706055,30.170000076293945,8178800
2022-11-15 00:00:00+00:00,28.49428367614746,30.559999465942383,31.09000015258789,30.34000015258789,30.899999618530273,8492800
2022-11-16 00:00:00+00:00,27.310131072998047,29.290000915527344,30.270000457763672,28.989999771118164,30.200000762939453,9147500
2022-11-17 00:00:00+00:00,27.44066619873047,29.43000030517578,29.459999084472656,28.309999465942383,28.860000610351562,9984400
2022-11-18 00:00:00+00:00,27.487289428710938,29.479999542236328,29.6200008392334,28.889999389648438,29.049999237060547,9218000
2022-11-21 00:00:00+00:00,27.18891716003418,29.15999984741211,29.299999237060547,28.68000030517578,29.15999984741211,10697100
2022-11-22 00:00:00+00:00,27.394046783447266,29.3799991607666,29.420000076293945,28.639999389648438,29.229999542236328,15114900
2022-11-23 00:00:00+00:00,27.88822364807129,29.90999984741211,30.170000076293945,28.309999465942383,29.1200008392334,17741200
2022-11-25 00:00:00+00:00,28.112001419067383,30.149999618530273,30.739999771118164,29.709999084472656,29.799999237060547,5959300
2022-11-28 00:00:00+00:00,27.235538482666016,29.209999084472656,29.790000915527344,29.1200008392334,29.75,6676500
2022-11-29 00:00:00+00:00,26.927846908569336,28.8799991607666,29.610000610351562,28.829999923706055,29.350000381469727,7753000
2022-11-30 00:00:00+00:00,28.009435653686523,30.040000915527344,30.059999465942383,28.719999313354492,29.0,10286900
2022-12-01 00:00:00+00:00,27.84160041809082,29.860000610351562,30.229999542236328,29.780000686645508,30.110000610351562,5757300
2022-12-02 00:00:00+00:00,27.636474609375,29.639999389648438,29.799999237060547,29.25,29.440000534057617,5259500
2022-12-05 00:00:00+00:00,27.235538482666016,29.209999084472656,29.6200008392334,29.1299991607666,29.40999984741211,4936300
2022-12-06 00:00:00+00:00,26.396373748779297,28.309999465942383,29.260000228881836,28.1299991607666,29.170000076293945,6393900
2022-12-07 00:00:00+00:00,25.948820114135742,27.829999923706055,28.25,27.6299991607666,28.0,7108300
2022-12-08 00:00:00+00:00,26.554882049560547,28.479999542236328,28.809999465942383,27.90999984741211,28.010000228881836,6993000
2022-12-09 00:00:00+00:00,26.30313491821289,28.209999084472656,28.729999542236328,28.200000762939453,28.389999389648438,5431800
2022-12-12 00:00:00+00:00,27.058385848999023,29.020000457763672,29.040000915527344,28.06999969482422,28.18000030517578,7439200
2022-12-13 00:00:00+00:00,27.164705276489258,28.8700008392334,29.729999542236328,28.709999084472656,29.520000457763672,7512800
2022-12-14 00:00:00+00:00,26.684833526611328,28.360000610351562,29.049999237060547,28.1200008392334,28.59000015258789,6799400
2022-12-15 00:00:00+00:00,25.254613876342773,26.84000015258789,27.8700008392334,26.700000762939453,27.709999084472656,10422200
2022-12-16 00:00:00+00:00,25.14170265197754,26.719999313354492,26.8799991607666,26.40999984741211,26.6299991607666,17947100
2022-12-19 00:00:00+00:00,24.991153717041016,26.559999465942383,26.940000534057617,26.280000686645508,26.760000228881836,5210300
2022-12-20 00:00:00+00:00,25.0382022857666,26.610000610351562,26.809999465942383,26.360000610351562,26.5,5336000
2022-12-21 00:00:00+00:00,25.113475799560547,26.690000534057617,27.0,26.649999618530273,26.780000686645508,4856400
2022-12-22 00:00:00+00:00,25.085247039794922,26.65999984741211,26.670000076293945,26.09000015258789,26.260000228881836,5460700
2022-12-23 00:00:00+00:00,25.17934226989746,26.760000228881836,26.799999237060547,26.360000610351562,26.65999984741211,4084900
2022-12-27 00:00:00+00:00,25.47102928161621,27.06999969482422,27.170000076293945,26.610000610351562,26.770000457763672,5324900
2022-12-28 00:00:00+00:00,24.972335815429688,26.540000915527344,27.229999542236328,26.420000076293945,27.06999969482422,5358400
2022-12-29 00:00:00+00:00,25.442800521850586,27.040000915527344,27.299999237060547,26.850000381469727,26.860000610351562,4703300
2022-12-30 00:00:00+00:00,25.28284454345703,26.8700008392334,26.889999389648438,26.520000457763672,26.729999542236328,4245300
